,ph,Hardness,Solids,Chloramines,Sulfate,Conductivity,Organic_carbon,Trihalomethanes,Turbidity,Potability
3271,4.66810168740592,193.68173547507868,47580.99160333534,7.16663893548253,359.94857436696,526.4241709223593,13.89441851819453,66.68769478539706,4.4358209095098,1
3272,7.80885601755742,193.55321164822675,17329.802160103376,8.06136198784957,0.0,392.4495795653845,19.90322518345954,0.0,2.79824284241805,1
3273,9.41951031641321,175.76264629629543,33155.578218312294,7.35023323321441,0.0,432.04478304536786,11.03906968815431,69.84540029205144,3.29887549864656,1
3274,5.12676292335153,230.60375750846123,11983.869376336363,6.30335653424911,0.0,402.883113121781,11.1689462210565,77.48821310275477,4.70865846752666,1
3275,7.87467135779128,195.10229858610904,17404.17706105066,7.50930585692791,0.0,327.4597604610721,16.14036762616632,78.69844632549504,2.30914905663492,1
